–º–µ—Å—Ç–æ;—Ç–µ–∫—Å—Ç;;;
Start;"–î–æ–±—Ä–æ –ø–æ–∂–∞–ª–æ–≤–∞—Ç—å –≤ –±–æ—Ç–∞ –≤—ã–¥–∞—á–∏ VPN ‚ù§Ô∏è
–í–æ—Å–ø–æ–ª—å–∑—É–π—Å—è –∫–Ω–æ–ø–∫–∞–º–∏ –Ω–∏–∂–µ";;;
Start_Markup;–ì–ª–∞–≤–Ω–∞—è;;;
Profile;"‚ûñ‚ûñ‚ûñ‚ûñ‚ûñ‚ûñ‚ûñ‚ûñ‚ûñ‚ûñ‚ûñ
üë§ –ò–Ω—Ñ–æ—Ä–º–∞—Ü–∏—è –æ –≤–∞—Å:

üîë –õ–æ–≥–∏–Ω: @{vUserName}
üí≥ ID: {vUserId}
‚úÖ –í—Å–µ–≥–æ –∞–∫—Ç–∏–≤–∏—Ä–æ–≤–∞–Ω–æ –∫–ª—é—á–µ–π: {vPKeyCount}
‚ûñ‚ûñ‚ûñ‚ûñ‚ûñ‚ûñ‚ûñ‚ûñ‚ûñ‚ûñ‚ûñ";;;
Profile_Markup;üè†  –ü—Ä–æ—Ñ–∏–ª—å;;;
MyKeys;–£ –≤–∞—Å {PKeyCount} –∫–ª—é—á–µ–π;;;
MyKeys_Markup;–ú–æ–∏ –∫–ª—é—á–∏;;;
MyKeys_Input_Success;"üîπ–ö–ª—é—á ‚Ññ {Order}

üîπ–ö–ª—é—á –¥–ª—è –ø–µ—Ä–µ—É—Å—Ç–∞–Ω–æ–≤–∫–∏ VPN: ```{PKey}```

üîπ–ö–æ–Ω—Ñ–∏–≥—É—Ä–∞—Ü–∏—è –¥–ª—è Outline: ```{AUrl}```

üîπ–¢–µ–∫—É—â–∏–π VPN —Ä–∞–±–æ—Ç–∞–µ—Ç –¥–æ {DateUntil}";;;
MyKeys_Input_Failure;–ù–µ –≤–µ—Ä–Ω—ã–π –≤–≤–æ–¥. –ò—Å–ø–æ–ª—å–∑—É–π –∫–Ω–æ–ø–∫–∏ –Ω–∏–∂–µ –¥–ª—è –≤–≤–æ–¥–∞;;;
MyKeys_Page;–¢–µ–∫—É—â–∞—è —Å—Ç—Ä–∞–Ω–∏—Ü–∞: {PageOrder};;;
MyKeys_Page_Prev_Markup;–ü—Ä–µ–¥. —Å—Ç—Ä–∞–Ω–∏—Ü–∞;;;
MyKeys_Page_Next_Markup;–°–ª–µ–¥. —Å—Ç—Ä–∞–Ω–∏—Ü–∞;;;
Trouble_Markup;–ö–ª—é—á –Ω–µ —Ä–∞–±–æ—Ç–∞–µ—Ç;;;
Trouble_Input;–í–≤–µ–¥–∏ –Ω–µ —Ä–∞–±–æ—Ç–∞—é—â–∏–π –∫–ª—é—á;;;
Trouble_Success;"–ö–ª—é—á –∑–∞–º–µ–Ω–µ–Ω –Ω–∞ –∞–Ω–∞–ª–æ–≥–∏—á–Ω—ã–π: ```{PKey}```
Outline Url: ```{AUrl}```";;;
Trouble_Failure;"–ù–µ —É–¥–∞–ª–æ—Å—å –ø–µ—Ä–µ–∏–∑–¥–∞—Ç—å –∫–ª—é—á –ø–æ –≤–∞—à–µ–º—É —Å–æ–æ–±—â–µ–Ω–∏—é.
–£–±–µ–¥–∏—Ç–µ—Å—å, —á—Ç–æ –≤—ã –≤–≤–µ–ª–∏ —Ç–æ–ª—å–∫–æ –∞–∫—Ç–∏–≤–Ω—ã–π –∫–ª—é—á –∏–ª–∏ –æ–±—Ä–∞—Ç–∏—Ç–µ—Å—å –≤ –ø–æ–¥–¥–µ—Ä–∂–∫—É.";;;
Activate_Markup;–ê–∫—Ç–∏–≤–∏—Ä–æ–≤–∞—Ç—å –∫–ª—é—á;;;
Activate_Input;–í–≤–µ–¥–∏—Ç–µ –Ω–µ–∞–∫—Ç–∏–≤–Ω—ã–π –∫–ª—é—á –¥–ª—è –∞–∫—Ç–∏–≤–∞—Ü–∏–∏;;;
Activate_Success;"–ê–∫—Ç–∏–≤–∏—Ä–æ–≤–∞–Ω –∫–ª—é—á: ```{PKey}```
OutlineUrl –¥–ª—è –¥–æ—Å—Ç—É–ø–∞ –∫ VPN: ```{AUrl}```";;;
Activate_Failure;–ù–µ —É–¥–∞–ª–æ—Å—å –∞–∫—Ç–∏–≤–∏—Ä–æ–≤–∞—Ç—å –∫–ª—é—á –ø–æ –≤–∞—à–µ–º—É –≤–≤–æ–¥—É;;;
Admin_Failure;–≠—Ç–æ –Ω–µ —Ç–≤–æ–µ –¥–µ–ª–æ!;;;
Admin_Create_Markup;–°–æ–∑–¥–∞–Ω–∏–µ –∫–ª—é—á–µ–π;;;
Admin_Create_Input;"–í–≤–µ–¥–∏—Ç–µ
- –∫–æ–ª–∏—á–µ—Å—Ç–≤–æ (—Ç–æ–ª—å–∫–æ —Ü–∏—Ñ—Ä—ã –±–µ–∑ —Ä–∞–∑–¥–µ–ª–∏—Ç–µ–ª—å–Ω—ã—Ö —Å–∏–º–≤–æ–ª–æ–≤) –∫–ª—é—á–µ–π
- —Å—Ä–æ–∫ –¥–µ–π—Å—Ç–≤–∏—è (—Å–∫–æ–ª—å–∫–æ –¥–Ω–µ–π –∫–ª—é—á–∏ –±—É–¥—É—Ç –¥–µ–π—Å—Ç–≤–∏—Ç–µ–ª—å–Ω—ã –ø–æ—Å–ª–µ –∞–∫—Ç–∏–≤–∞—Ü–∏–∏)";;;
Admin_Create_Success;–°–æ–∑–¥–∞–Ω–æ {Count} –∫–ª—é—á–µ–π:;;;
Admin_Create_Success_Iter;"
 - {Iter}: ```{PKey}```";;;
Admin_Create_Failure;"–ù–µ —É–¥–∞–ª–æ—Å—å —Å–æ–∑–¥–∞—Ç—å –∫–ª—é—á.
–£–±–µ–¥–∏—Ç–µ—Å—å, —á—Ç–æ –≤—ã –≤–≤–µ–ª–∏ –∫–æ–ª–∏—á–µ—Å—Ç–≤–æ –∫–ª—é—á–µ–π –∏ –¥–Ω–µ–π –≤–µ—Ä–Ω–æ (—Ü–∏—Ñ—Ä—ã –±–µ–∑ —Ä–∞–∑–¥–µ–ª–∏—Ç–µ–ª—å–Ω—ã—Ö —Å–∏–º–≤–æ–ª–æ–≤)";;;
Admin_Delete_Markup;–£–¥–∞–ª–µ–Ω–∏–µ –∫–ª—é—á–µ–π;;;
Admin_Delete_Input;–í–≤–µ–¥–∏—Ç–µ —Ç–æ–ª—å–∫–æ –∫–ª—é—á, –æ–¥–Ω–∏–º —Å–æ–æ–±—â–µ–Ω–∏–µ–º, –±–µ–∑ —Ä–∞–∑–¥–µ–ª–∏—Ç–µ–ª—å–Ω—ã—Ö —Å–∏–º–≤–æ–ª–æ–≤;;;
Admin_Delete_Success;–£–¥–∞–ª–µ–Ω –∫–ª—é—á: ```{PKey}```;;;
Admin_Delete_Failure;"–ù–µ —É–¥–∞–ª–æ—Å—å —É–¥–∞–ª–∏—Ç—å –∫–ª—é—á.
–£–±–µ–¥–∏—Ç–µ—Å—å, —á—Ç–æ –≤—ã –≤–≤–µ–ª–∏ –≤–µ—Ä–Ω—ã–π –∫–ª—é—á (—Ç–æ–ª—å–∫–æ –∫–ª—é—á, –æ–¥–Ω–∏–º —Å–æ–æ–±—â–µ–Ω–∏–µ–º, –±–µ–∑ –ª–∏—à–Ω–∏—Ö —Å–∏–º–≤–æ–ª–æ–≤)";;;
Admin_Payoff_Markup;–ü–µ—Ä–µ—Å–æ–∑–¥–∞–Ω–∏–µ –∫–ª—é—á–µ–π;;;
Admin_Payoff_Input;–í–≤–µ–¥–∏—Ç–µ —Ç–æ–ª—å–∫–æ –∫–ª—é—á, –æ–¥–Ω–∏–º —Å–æ–æ–±—â–µ–Ω–∏–µ–º, –±–µ–∑ —Ä–∞–∑–¥–µ–ª–∏—Ç–µ–ª—å–Ω—ã—Ö —Å–∏–º–≤–æ–ª–æ–≤;;;
Admin_Payoff_Success;–í–≤–µ–¥–µ–Ω–Ω—ã–π –≤–∞–º–∏ –∫–ª—é—á —É–¥–∞–ª–µ–Ω, –Ω–æ–≤—ã–π –∫–ª—é—á: ```{PKey}```;;;
Admin_Payoff_Failure;"–ù–µ —É–¥–∞–ª–æ—Å—å —É–¥–∞–ª–∏—Ç—å –∫–ª—é—á
—É–±–µ–¥–∏—Ç–µ—Å—å, —á—Ç–æ –≤—ã –≤–≤–µ–ª–∏ –≤–µ—Ä–Ω—ã–π –∫–ª—é—á (—Ç–æ–ª—å–∫–æ –∫–ª—é—á, –æ–¥–Ω–∏–º —Å–æ–æ–±—â–µ–Ω–∏–µ–º, –±–µ–∑ –ª–∏—à–Ω–∏—Ö —Å–∏–º–≤–æ–ª–æ–≤)";;;
Admin_Help;"–ü–æ–º–æ—â—å:
 /admin_create [–∫–æ–ª-–≤–æ –∫–ª—é—á–µ–π] [–∫–æ–ª-–≤–æ –¥–Ω–µ–π] [–∫–æ–ª-–≤–æ —á–∞—Å–æ–≤] [–∫–æ–ª-–≤–æ –º–∏–Ω—É—Ç] [–∫–æ–ª-–≤–æ —Å–µ–∫—É–Ω–¥] - —Å–æ–∑–¥–∞—Ç—å –Ω–æ–≤—ã–µ –∫–ª—é—á–∏ —Å –∑–∞–¥–∞–Ω–Ω—ã–º —Å—Ä–æ–∫–æ–º –¥–µ–π—Å—Ç–≤–∏—è –ø–æ—Å–ª–µ –∞–∫—Ç–∏–≤–∞—Ü–∏–∏;
 /admin_delete [–∫–ª—é—á] - —É–¥–∞–ª–∏—Ç—å —Å—É—â–µ—Å—Ç–≤—É—é—â–∏–π –∫–ª—é—á;
 /admin_payoff [–∫–ª—é—á] - —É–¥–∞–ª–∏—Ç—å –∫–ª—é—á –∏ —Å–æ–∑–¥–∞—Ç—å –Ω–æ–≤—ã–π, –Ω–µ–∞–∫—Ç–∏–≤–Ω—ã–π
 /admin_help - –≤—ã–≤–µ—Å—Ç–∏ —ç—Ç–æ —Å–æ–æ–±—â–µ–Ω–∏–µ;";;;
Admin_Help_Markup;–ü–æ–º–æ—â—å –∞–¥–º–∏–Ω—É;;;
Help_Markup;–ü–æ–º–æ—â—å;;;
Help;–ü–æ–º–æ—â—å;;;
Support_Markup;üë§ –¢–µ—Ö. –ü–æ–¥–¥–µ—Ä–∂–∫–∞;;;
Support;–î–ª—è –∫–æ–Ω—Ç–∞–∫—Ç–∞ —Å –ø–æ–¥–¥–µ—Ä–∂–∫–æ–π‚Ä¶;;;
Info_Markup;–ò–Ω—Å—Ç—Ä—É–∫—Ü–∏—è;;;
Info;"–ò–Ω—Å—Ç—Ä—É–∫—Ü–∏—è:
 /profile - –≤—ã–≤–µ—Å—Ç–∏ –¥–∞–Ω–Ω—ã–µ –æ –º–æ–µ–º –ø—Ä–æ—Ñ–∏–ª–µ, –≤–∫–ª—é—á–∞—è –≤—Å–µ –∫–ª—é—á–∏; 
 /activate [–∫–ª—é—á] - –∞–∫—Ç–∏–≤–∏—Ä–æ–≤–∞—Ç—å —Å—É—â–µ—Å—Ç–≤—É—é—â–∏–π –∏ –Ω–µ –∞–∫—Ç–∏–≤–∏—Ä–æ–≤–∞–Ω–Ω—ã–π –∫–ª—é—á;
 /trouble - –ø–µ—Ä–µ–≤—ã–ø—É—Å—Ç–∏—Ç—å –∞–∫—Ç–∏–≤–∏—Ä–æ–≤–∞–Ω–Ω—ã–π –∫–ª—é—á, –Ω–µ –º–µ–Ω—è—è –µ–≥–æ –≤—Ä–µ–º–µ–Ω–Ω—ã—Ö –æ–≥—Ä–∞–Ω–∏—á–µ–Ω–∏–π;
 /help - –≤—ã–≤–µ—Å—Ç–∏ —ç—Ç–æ —Å–æ–æ–±—â–µ–Ω–∏–µ;";;;
Cancel_Prompt;–í–≤–µ–¥–∏—Ç–µ ‚Äú–û—Ç–º–µ–Ω–∞‚Äù, –∏–ª–∏ –∫–æ–º–∞–Ω–¥—É ‚Äú/cancel‚Äù, –∏–ª–∏ –∫–æ–º–∞–Ω–¥—É ‚Äú/start‚Äù, —á—Ç–æ–±—ã –ø–µ—Ä–µ–π—Ç–∏ –Ω–∞ –≥–ª–∞–≤–Ω—É—é;;;
Cancel_Markup;–û—Ç–º–µ–Ω–∞;;;
Cancel;–í–≤–æ–¥ –æ—Ç–º–µ–Ω–µ–Ω;;;
Return_Prompt;–í–≤–µ–¥–∏—Ç–µ ‚Äú–í–µ—Ä–Ω—É—Ç—å—Å—è‚Äù, –∏–ª–∏ –∫–æ–º–∞–Ω–¥—É ‚Äú/return‚Äù, –∏–ª–∏ –∫–æ–º–∞–Ω–¥—É ‚Äú/start‚Äù, —á—Ç–æ–±—ã –ø–µ—Ä–µ–π—Ç–∏ –Ω–∞ –≥–ª–∞–≤–Ω—É—é;;;
Return_Markup;–í–µ—Ä–Ω—É—Ç—å—Å—è;;;
Spam_Warning;"–ü–æ–∂–∞–ª—É–π—Å—Ç–∞, –Ω–µ —Å–ø–∞–º—åü•∫
–ü–æ–ø—Ä–æ–±—É–π –µ—â–µ —Ä–∞–∑ —á–µ—Ä–µ–∑ {Delay} —Å–µ–∫—É–Ω–¥.";;;